{
  "vmax_VEGLC": 1.1451257040950855,
  "vmax_VELAC": 0.4312195097979464,
  "vmax_VEXAN": 0.0013893568832235666,
  "vmax_VEURT": 0.0015092099021306036,
  "vmax_VEINO": 0.0006641090540011756,
  "vmax_VEGLN": 0.011016523230362046,
  "vmax_VEGLU": 0.0005653876827121688,
  "vmax_VECIT": 0.566265135580146,
  "vmax_VEHYPX": 0.021726645484163646,
  "vmax_VEFUM": 0.06150262585768595,
  "vmax_VEMAL": 0.02033678696121845,
  "vmax_VEOXOP": 0.025730888958410407,
  "vmax_VESER": 0.040613167385002605,
  "vmax_VEARG": 0.011342560643900417,
  "vmax_VEGSSG": 0.0012334433785925157,
  "vmax_VEGSH": 0.0010862132004501852,
  "vmax_VEASN": 0.00276730002676545,
  "vmax_VECYS": 0.00016102925446933875,
  "vmax_VAMPD1": 0.08300917235872958,
  "vmax_VADSS": 2.3335725506424443,
  "vmax_VIMPH": 1.6014078335987323,
  "vmax_VRKa": 2.352883243418914,
  "vmax_VPRPPASe": 0.688770286739816,
  "vmax_VAK": 3.4176273930741816,
  "vmax_VAK2": 0.1012873559823735,
  "vmax_VHGPRT1": 2.570380770510116,
  "vmax_VHGPRT2": 0.1218557601390545,
  "vmax_Vnucleo2": 0.24292480116148948,
  "vmax_VGMPS": 0.12287648364658615,
  "vmax_VPNPase1": 0.6186848405324897,
  "vmax_VXAO": 0.1149857985114193,
  "vmax_VXAO2": 0.942158567149798,
  "vmax_VADA": 0.5188544667486175,
  "vmax_VGMPK": 0.032947836916895276,
  "vmax_VAPRT": 4.087991078994692,
  "vmax_VNDPK": 8.801656274090332,
  "vmax_VNDPK_rev": 1.6754495884307539,
  "vmax_VAK_rev": 0.3174428703432889,
  "vmax_Vnucleo_GMP": 0.016038373052392068,
  "vmax_VGDA": 0.24273929563869992,
  "km_ATP": 0.589909754217158,
  "km_AMP": 0.17360730775208263,
  "vmax_VGDH": 1.8072142002163927,
  "vmax_VGDH_rev": 0.1489465825910577,
  "vmax_VALATA": 0.5034536242796553,
  "vmax_VASPTA": 0.07232589436655139,
  "vmax_VGLNS": 0.06872620245524931,
  "vmax_VGSR": 0.14991212417010502,
  "vmax_VGPX": 3.2755786253347217,
  "vmax_VME": 0.026957210073863744,
  "vmax_VFUM": 0.8010215967610349,
  "vmax_VMLD": 1.266185596346448,
  "vmax_VASPTA_rev": 0.9536580606667056,
  "vmax_VALATA_rev": 0.12547872350449454,
  "vmax_VSHMT": 0.012633512943572392,
  "vmax_VPHGDH": 0.10417042526697078,
  "vmax_VOPLAH": 0.17174861070174813,
  "km_GSSG": 0.6051642145618776,
  "km_GLU": 0.7711537140028635,
  "vmax_VGSS": 0.2054840289410595,
  "vmax_VGGT": 2.030109564911515,
  "vmax_VASNG": 0.41655702283221463,
  "k_EGSH_deg": 0.06304709226564076,
  "k_EGSSG_deg": 0.5423664401537877,
  "vmax_VEADE_fwd": 0.0007275905278792944,
  "vmax_VEADE_rev": 0.05867972206503036,
  "vmax_VHK": 0.8390018650088915,
  "vmax_VPFK": 2.5494306472194306,
  "vmax_VFDPA": 2.054576627398957,
  "vmax_VPK": 0.7134227571052547,
  "vmax_VPGK": 40.02263055538305,
  "vmax_VLDH": 0.9111950337813657,
  "vmax_VENOPGM": 11.681484094802606,
  "vmax_VDPGM": 1.4971927839429426,
  "vmax_V23DPGP": 0.7409440516301795,
  "ka_F16BP_PK": 0.005520885656983096,
  "alpha_F16BP_PK": 19.201764296154796,
  "vmax_VPEP_PASE": 8.949948997181282,
  "km_GLC_HK": 0.008686404819398088,
  "km_G6P": 3.855459995382802,
  "km_F6P": 0.12414379905981962,
  "km_F16BP": 0.3639022562826522,
  "km_B13PG": 0.0028392352640126436,
  "km_P3G": 0.24239054888610015,
  "km_P2G": 0.0696143493115988,
  "km_PEP": 1.0375229114976408,
  "km_ADP_ATP": 0.2660124987032184,
  "km_PYR": 0.26790434169697336,
  "km_LAC": 2.704214706510881,
  "km_NAD_NADH": 2.12227197184081,
  "km_NADH_NAD": 9.184380136644775,
  "km_ATP_HK": 0.24057653357944556,
  "km_ATP_PFK": 0.03302569060009802,
  "km_GLC_transport": 1.6866163354764172,
  "km_EGLC": 59.60658801802207,
  "ki_ATP_PK": 1.7311583838042335,
  "ki_PYR_PK": 2.740972523750095,
  "vmax_VADSL": 0.049787942292509046,
  "vmax_VGGCT": 0.6876237043407432
}