{
  "baseline_loss": 1.703779543676597,
  "final_loss": 1.5810957249789448,
  "improvement_pct": 7.200686212777974,
  "n_trials_per_phase": 150,
  "optimizer": "optuna_TPE",
  "target_scope": "all",
  "param_scope": "all",
  "target_metabolites": [
    "GLC",
    "G6P",
    "F6P",
    "GO6P",
    "F16BP",
    "B13PG",
    "P3G",
    "B23PG",
    "P2G",
    "PEP",
    "PYR",
    "LAC",
    "MAL",
    "CIT",
    "ADE",
    "INO",
    "HYPX",
    "XAN",
    "URT",
    "ATP",
    "ADP",
    "AMP",
    "GMP",
    "IMP",
    "SAH",
    "ARG",
    "CITR",
    "ASP",
    "SER",
    "ALA",
    "GLU",
    "GLN",
    "OXOP",
    "GSH",
    "GSSG",
    "EGLC",
    "ELAC",
    "EADE",
    "EINO",
    "EGLN",
    "EGLU",
    "ECYS",
    "EURT",
    "EXAN",
    "EHYPX",
    "EMAL",
    "EFUM",
    "ECIT"
  ],
  "phases": {
    "phase1": {
      "params": {
        "vmax_VHK": 0.5016508931794822,
        "vmax_VPFK": 3.4175763719639494,
        "vmax_VPK": 2.8516795492887956,
        "vmax_VPGK": 14.882301448773445,
        "vmax_VLDH": 0.6943125044809413,
        "vmax_VEGLC": 0.525542068949288,
        "vmax_VELAC": 3.4986196406939443,
        "vmax_VENOPGM": 2.477222324554837,
        "vmax_VDPGM": 0.6232397513140299,
        "vmax_V23DPGP": 0.5391045135577232,
        "ka_F16BP_PK": 0.013015994216429239,
        "alpha_F16BP_PK": 35.50087786535179,
        "vmax_VPEP_PASE": 0.21885642743885986,
        "km_GLC_HK": 1.1579330088755015,
        "km_B13PG": 0.06305875965236726,
        "km_ADP_ATP": 0.2677501134872815,
        "km_PYR": 0.08223735991347576,
        "km_ATP_HK": 1.01696252704277,
        "km_ATP_PFK": 0.04195246825694893
      },
      "loss": 1.6964025662758013,
      "cumulative_loss": 1.6964025662758013,
      "elapsed_s": 4329.698590517044
    },
    "phase2": {
      "params": {
        "vmax_VAMPD1": 0.08106935599061865,
        "vmax_VADSS": 0.0236800705647021,
        "vmax_VIMPH": 4.026390388483743,
        "vmax_VRKa": 0.32668192097624504,
        "vmax_VPRPPASe": 0.250107212702012,
        "vmax_VAK": 0.19582445521250305,
        "vmax_VAK2": 0.08013362805814739,
        "vmax_VHGPRT1": 4.634658736013003,
        "vmax_VHGPRT2": 0.20710720410209824,
        "vmax_Vnucleo2": 0.24758349289068748,
        "vmax_VGMPS": 0.24248678441408078,
        "vmax_VPNPase1": 0.6399424803359024,
        "vmax_VXAO": 0.6568643084490751,
        "vmax_VXAO2": 0.045578363977898696,
        "vmax_VEXAN": 0.00013207926531500397,
        "vmax_VEURT": 0.12439045453559468,
        "vmax_VEINO": 0.00047857345817990037,
        "vmax_VADA": 0.0958543895148826,
        "vmax_VGMPK": 1.3853763787284104,
        "vmax_VAPRT": 0.8104782865040373,
        "vmax_VNDPK": 0.6803982631921516,
        "vmax_VNDPK_rev": 0.3571161545322384,
        "vmax_VAK_rev": 0.9919651315745036,
        "vmax_Vnucleo_GMP": 0.31921779392589694,
        "vmax_VGDA": 0.0863616223197922,
        "km_ATP": 2.468427400663924,
        "km_AMP": 0.09323588003250118
      },
      "loss": 1.6061267076228276,
      "cumulative_loss": 1.6061267076228276,
      "elapsed_s": 2221.7473742961884
    },
    "phase3": {
      "params": {
        "vmax_VGDH": 1.4119231168774913,
        "vmax_VGDH_rev": 1.1639716523761938,
        "vmax_VALATA": 0.5647847324088652,
        "vmax_VASPTA": 0.012525157118786495,
        "vmax_VGLNS": 1.385629006336455,
        "vmax_VEGLN": 0.004210982928568231,
        "vmax_VEGLU": 0.00017656155452909855,
        "vmax_VGSR": 0.05803657005934458,
        "vmax_VGPX": 0.07915763244447824,
        "vmax_VME": 0.020568995603931866,
        "vmax_VFUM": 0.3537721275872562,
        "vmax_VMLD": 2.4118703495407625,
        "vmax_VECIT": 0.016304206838344864,
        "vmax_VASPTA_rev": 0.07124104002879413,
        "vmax_VALATA_rev": 0.37776812735572646,
        "vmax_VSHMT": 0.9417442221384682,
        "vmax_VPHGDH": 0.052754349178664485,
        "vmax_VOPLAH": 0.08935183848532742,
        "km_GSSG": 0.4037641143949791,
        "km_GLU": 0.26037847260760644,
        "vmax_VEADE": 0.0006105619358739283,
        "vmax_VEHYPX": 0.0817298431313313,
        "vmax_VEFUM": 0.23796918058912078,
        "vmax_VEMAL": 0.0053383331485565
      },
      "loss": 1.5810957249789448,
      "cumulative_loss": 1.5810957249789448,
      "elapsed_s": 2295.200632572174
    }
  },
  "optimized_params": {
    "vmax_VHK": 0.5016508931794822,
    "vmax_VPFK": 3.4175763719639494,
    "vmax_VPK": 2.8516795492887956,
    "vmax_VPGK": 14.882301448773445,
    "vmax_VLDH": 0.6943125044809413,
    "vmax_VEGLC": 0.525542068949288,
    "vmax_VELAC": 3.4986196406939443,
    "vmax_VENOPGM": 2.477222324554837,
    "vmax_VDPGM": 0.6232397513140299,
    "vmax_V23DPGP": 0.5391045135577232,
    "ka_F16BP_PK": 0.013015994216429239,
    "alpha_F16BP_PK": 35.50087786535179,
    "vmax_VPEP_PASE": 0.21885642743885986,
    "km_GLC_HK": 1.1579330088755015,
    "km_B13PG": 0.06305875965236726,
    "km_ADP_ATP": 0.2677501134872815,
    "km_PYR": 0.08223735991347576,
    "vmax_VAMPD1": 0.08106935599061865,
    "vmax_VADSS": 0.0236800705647021,
    "vmax_VIMPH": 4.026390388483743,
    "vmax_VRKa": 0.32668192097624504,
    "vmax_VPRPPASe": 0.250107212702012,
    "vmax_VAK": 0.19582445521250305,
    "vmax_VAK2": 0.08013362805814739,
    "vmax_VHGPRT1": 4.634658736013003,
    "vmax_VHGPRT2": 0.20710720410209824,
    "vmax_Vnucleo2": 0.24758349289068748,
    "vmax_VGMPS": 0.24248678441408078,
    "vmax_VPNPase1": 0.6399424803359024,
    "vmax_VXAO": 0.6568643084490751,
    "vmax_VXAO2": 0.045578363977898696,
    "vmax_VEXAN": 0.00013207926531500397,
    "vmax_VEURT": 0.12439045453559468,
    "vmax_VEINO": 0.00047857345817990037,
    "vmax_VADA": 0.0958543895148826,
    "vmax_VGMPK": 1.3853763787284104,
    "vmax_VAPRT": 0.8104782865040373,
    "vmax_VNDPK": 0.6803982631921516,
    "vmax_VNDPK_rev": 0.3571161545322384,
    "vmax_VAK_rev": 0.9919651315745036,
    "vmax_Vnucleo_GMP": 0.31921779392589694,
    "vmax_VGDA": 0.0863616223197922,
    "km_ATP": 2.468427400663924,
    "km_AMP": 0.09323588003250118,
    "vmax_VGDH": 1.4119231168774913,
    "vmax_VGDH_rev": 1.1639716523761938,
    "vmax_VALATA": 0.5647847324088652,
    "vmax_VASPTA": 0.012525157118786495,
    "vmax_VGLNS": 1.385629006336455,
    "vmax_VEGLN": 0.004210982928568231,
    "vmax_VEGLU": 0.00017656155452909855,
    "vmax_VGSR": 0.05803657005934458,
    "vmax_VGPX": 0.07915763244447824,
    "vmax_VME": 0.020568995603931866,
    "vmax_VFUM": 0.3537721275872562,
    "vmax_VMLD": 2.4118703495407625,
    "vmax_VECIT": 0.016304206838344864,
    "vmax_VASPTA_rev": 0.07124104002879413,
    "vmax_VALATA_rev": 0.37776812735572646,
    "vmax_VSHMT": 0.9417442221384682,
    "km_GSSG": 0.4037641143949791,
    "km_GLU": 0.26037847260760644,
    "vmax_VEADE": 0.0006105619358739283,
    "vmax_VEHYPX": 0.0817298431313313,
    "vmax_VEFUM": 0.23796918058912078,
    "vmax_VEMAL": 0.0053383331485565,
    "vmax_VPHGDH": 0.052754349178664485,
    "vmax_VOPLAH": 0.08935183848532742,
    "km_ATP_HK": 1.01696252704277,
    "km_ATP_PFK": 0.04195246825694893
  },
  "per_metabolite": [
    {
      "name": "XAN",
      "idx": 29,
      "rmse": 1.7104382212467344,
      "nrmse": 2263.35023164737,
      "sim_final": 1.8933767959291954,
      "exp_final": 0.00171443520525852
    },
    {
      "name": "EURT",
      "idx": 97,
      "rmse": 1.1785114080747972,
      "nrmse": 63.42741876430403,
      "sim_final": 2.026824349092793,
      "exp_final": 0.015435271727140815
    },
    {
      "name": "F16BP",
      "idx": 11,
      "rmse": 0.46676847148400535,
      "nrmse": 25.706115342970442,
      "sim_final": 0.011240697087239428,
      "exp_final": 0.002638123675971145
    },
    {
      "name": "GLN",
      "idx": 61,